<?xml version="1.0" encoding="utf-8"?>
<manifest xmlns="http://www.we7.cc" versionCode="">
	<application setting="false">
		<name><![CDATA[点歌送祝福]]></name>
		<identifie><![CDATA[unofficial_music]]></identifie>
		<version><![CDATA[1.0.2]]></version>
		<type><![CDATA[services]]></type>
		<ability><![CDATA[点歌送祝福]]></ability>
		<description><![CDATA[给她/他(们)点一首歌，送一个祝福，让友谊的小船长长久久]]></description>
		<author><![CDATA[unofficial]]></author>
		<url><![CDATA[http://www.unofficial.cn/]]></url>
	</application>
	<platform>
		<handles>
			<message type="text" />
		</handles>
		<rule embed="true" />
		<card embed="false" />
	</platform>
	<bindings>
	</bindings>
	<permissions>
	</permissions>
	<install><![CDATA[install.php]]></install>
	<uninstall><![CDATA[uninstall.php]]></uninstall>
	<upgrade><![CDATA[]]></upgrade>
</manifest>
